metric,score
F1-Score,0.7882398289939377
AUC-ROC,0.658757226566639
Average_Precision,0.9231379627183809
