metric,score
F1-Score,0.6799874349554077
AUC-ROC,0.6460548973509934
Average_Precision,0.9448727525671357
