metric,score
F1-Score,0.7573012620410977
AUC-ROC,0.695195134437086
Average_Precision,0.9603652933087103
