metric,score
F1-Score,0.7788234715942599
AUC-ROC,0.6780529939390088
Average_Precision,0.9130909671372007
