metric,score
F1-Score,0.802477303635094
AUC-ROC,0.6861832509933775
Average_Precision,0.9581129241653437
