metric,score
F1-Score,0.8602569267266461
AUC-ROC,0.7227305494627758
Average_Precision,0.9226517056457115
